64474.109	3.661	-3.861	2.506309638e-10	5.158489497e-11	-5.158489497e-11
86289.492	9.277	-8.274	3.531544149e-10	8.61808773e-11	-8.61808773e-11
86306.291	7.522	-7.522	5.146769544e-10	1.100429568e-10	-1.100429568e-10
86328.558	10.328	-14.745	2.552921238e-10	6.204125697e-11	-6.204125697e-11
86346.864	7.066	-7.978	4.704564774e-10	1.058128239e-10	-1.058128239e-10
86365.213	8.776	-11.283	3.381869484e-10	7.73701782e-11	-7.73701782e-11
86384.519	9.528	-10.531	3.052746669e-10	7.40227362e-11	-7.40227362e-11
86406.960	9.653	-12.913	2.774562e-10	6.69577587e-11	-6.69577587e-11
86423.383	8.274	-6.77	4.123621488e-10	1.001484729e-10	-1.001484729e-10
86443.190	11.032	-11.533	2.746194675e-10	6.6695601e-11	-6.6695601e-11
86463.500	8.274	-9.277	3.600551451e-10	8.68911834e-11	-8.68911834e-11
86484.083	10.257	-12.308	3.021364563e-10	7.01261106e-11	-7.01261106e-11
86507.399	9.507	-13.059	3.29813526e-10	7.32378906e-11	-7.32378906e-11
86528.920	8.045	-12.014	3.799848591e-10	8.22990294e-11	-8.22990294e-11
86545.304	6.704	-8.339	4.911383568e-10	1.069171803e-10	-1.069171803e-10
86559.912	7.141	-7.903	4.794131307e-10	1.073692347e-10	-1.073692347e-10
86581.035	8.580	-13.983	3.642639903e-10	7.66327254e-11	-7.66327254e-11
91300.778	20.716	-24.416	2.592377697e-10	6.73865724e-11	-6.73865724e-11
91339.159	14.930	-17.665	3.996361404e-10	9.5182059e-11	-9.5182059e-11
91371.891	17.301	-17.801	3.311361627e-10	8.42435013e-11	-8.42435013e-11
91412.383	21.940	-23.192	2.412040281e-10	6.55454142e-11	-6.55454142e-11
91446.985	17.426	-12.662	4.016711013e-10	9.83232642e-11	-9.83232642e-11
91485.723	13.791	-21.312	3.673803273e-10	8.7885e-11	-8.7885e-11
91516.688	12.913	-17.175	3.949066905e-10	9.80585676e-11	-9.80585676e-11
91546.776	15.420	-17.175	3.533581779e-10	9.063873e-11	-9.063873e-11
91578.380	16.412	-16.183	3.989283081e-10	9.51525687e-11	-9.51525687e-11
91612.092	12.788	-17.3	3.97477815e-10	9.77591727e-11	-9.77591727e-11
91648.071	21.940	-23.191	2.452774653e-10	6.506170167e-11	-6.506170167e-11
91687.980	14.627	-17.969	3.800093367e-10	9.27277239e-11	-9.27277239e-11
91721.034	21.689	-18.428	2.842045311e-10	7.35068187e-11	-7.35068187e-11
91764.160	21.188	-21.437	2.57817483e-10	6.87396759e-11	-6.87396759e-11
91799.377	13.552	-14.029	4.510547244e-10	1.088951787e-10	-1.088951787e-10
91833.046	17.492	-20.118	3.261888882e-10	8.00858247e-11	-8.00858247e-11
91864.898	10.713	-14.36	5.464784346e-10	1.233012879e-10	-1.233012879e-10
91890.780	22.441	-15.169	3.04806663e-10	7.76721771e-11	-7.76721771e-11
91926.384	16.925	-13.163	3.945103617e-10	9.81170274e-11	-9.81170274e-11
91958.979	11.910	-15.67	4.294361211e-10	1.069745334e-10	-1.069745334e-10
91984.679	13.791	-13.79	6.95212665e-10	1.32903603e-10	-1.32903603e-10
92012.636	18.429	-14.166	3.584708715e-10	8.958411e-11	-8.958411e-11
92048.992	19.683	-17.927	3.046185891e-10	7.81366656e-11	-7.81366656e-11
92081.838	16.925	-13.163	3.997671216e-10	9.77031216e-11	-9.77031216e-11
92125.089	16.298	-26.326	2.820396957e-10	7.06625997e-11	-7.06625997e-11
92154.300	14.668	-12.912	4.303109349e-10	1.07537388e-10	-1.07537388e-10
92180.967	18.089	-11.999	4.139332722e-10	1.006969404e-10	-1.006969404e-10
92217.986	11.158	-18.93	3.922901913e-10	9.77213496e-11	-9.77213496e-11
92251.834	17.427	-22.691	2.819033112e-10	7.36465884e-11	-7.36465884e-11
92292.602	21.791	-23.341	2.580747582e-10	6.65417697e-11	-6.65417697e-11
92337.083	17.427	-22.691	2.906612142e-10	7.32270189e-11	-7.32270189e-11
92368.675	18.429	-14.166	3.717233436e-10	9.01396734e-11	-9.01396734e-11
92402.530	14.663	-15.425	4.482743034e-10	1.041810924e-10	-1.041810924e-10
92431.985	17.802	-14.793	3.60310272e-10	9.04804719e-11	-9.04804719e-11
92467.088	15.295	-17.3	3.615062241e-10	9.10752255e-11	-9.10752255e-11
92505.003	14.990	-22.62	3.559048899e-10	8.46020721e-11	-8.46020721e-11
92530.440	12.119	-10.447	5.696686821e-10	1.33479738e-10	-1.33479738e-10
92565.423	12.238	-22.864	3.555730101e-10	8.62360821e-11	-8.62360821e-11
92598.722	24.071	-21.06	2.467213182e-10	6.54447045e-11	-6.54447045e-11
92636.013	14.361	-13.22	4.825541406e-10	1.11983067e-10	-1.11983067e-10
92663.924	19.044	-13.551	3.750744312e-10	9.2516214e-11	-9.2516214e-11
92703.922	24.178	-20.953	2.662332855e-10	6.71248053e-11	-6.71248053e-11
92752.516	20.716	-24.416	2.580120669e-10	6.73976394e-11	-6.73976394e-11
92799.678	21.194	-26.445	2.490805422e-10	6.350351364e-11	-6.350351364e-11
92841.142	31.668	-20.27	5.01435354e-10	1.203279756e-10	-1.203279756e-10
92894.577	15.842	-21.767	3.436192179e-10	8.24429655e-11	-8.24429655e-11
92939.002	19.056	-28.583	2.248987566e-10	6.198006297e-11	-6.198006297e-11
96890.589	23.365	-34.303	3.439600164e-10	8.3860518e-11	-8.3860518e-11
96961.213	40.497	-47.259	1.762364415e-10	5.222495166e-11	-5.222495166e-11
97027.533	26.830	-25.824	3.403888257e-10	8.7476172e-11	-8.7476172e-11
97078.933	38.113	-24.57	2.715955074e-10	7.32378255e-11	-7.32378255e-11
97145.377	29.337	-28.331	3.075908598e-10	8.001441e-11	-8.001441e-11
97213.696	23.702	-38.981	2.961635964e-10	7.49909685e-11	-7.49909685e-11
97263.126	21.910	-25.729	4.05313251e-10	9.85552155e-11	-9.85552155e-11
97303.590	19.056	-18.554	4.919989788e-10	1.221710217e-10	-1.221710217e-10
97349.724	23.069	-27.078	3.515480073e-10	9.14490948e-11	-9.14490948e-11
97409.021	23.947	-36.229	2.926266483e-10	7.61217555e-11	-7.61217555e-11
97456.786	26.328	-23.819	3.610025454e-10	9.13020339e-11	-9.13020339e-11
97504.664	21.074	-21.55	4.529219226e-10	1.10131623e-10	-1.10131623e-10
97544.668	21.188	-18.929	4.575705834e-10	1.142151507e-10	-1.142151507e-10
97601.413	24.619	-35.557	3.240694926e-10	7.96886496e-11	-7.96886496e-11
97657.873	23.320	-31.841	3.165166557e-10	8.30131764e-11	-8.30131764e-11
97706.641	19.683	-25.449	4.099026708e-10	1.012592742e-10	-1.012592742e-10
97758.667	32.848	-32.343	2.676569574e-10	7.01986971e-11	-7.01986971e-11
97817.339	24.322	-25.824	3.633968583e-10	9.1184268e-11	-9.1184268e-11
97867.986	33.850	-26.325	2.87919723e-10	7.59291246e-11	-7.59291246e-11
97948.298	46.301	-46.462	2.863447587e-10	6.139049133e-11	-6.139049133e-11
102435.514	18.806	-16.297	3.996569073e-10	9.62463138e-11	-9.62463138e-11
102487.451	32.059	-33.131	2.151062193e-10	5.307224769e-11	-5.307224769e-11
102549.847	27.331	-30.337	2.361758343e-10	5.875153263e-11	-5.875153263e-11
102604.757	27.582	-27.579	2.725644558e-10	6.45164436e-11	-6.45164436e-11
102661.530	23.463	-29.191	2.731786743e-10	6.60595089e-11	-6.60595089e-11
102706.931	23.193	-21.938	3.113175093e-10	7.51905e-11	-7.51905e-11
102745.944	14.268	-15.82	4.995634686e-10	1.147648551e-10	-1.147648551e-10
102788.544	19.307	-28.332	2.968959063e-10	7.12922469e-11	-7.12922469e-11
102831.670	28.835	-23.818	2.611321146e-10	6.428554041e-11	-6.428554041e-11
102902.829	25.373	-42.324	2.065262997e-10	5.147754507e-11	-5.147754507e-11
102949.765	16.048	-21.562	3.745267449e-10	8.99333715e-11	-8.99333715e-11
102989.255	34.226	-23.442	2.34844344e-10	5.877243624e-11	-5.877243624e-11
103042.285	21.313	-18.804	3.477840555e-10	8.46136599e-11	-8.46136599e-11
103089.696	21.541	-26.098	3.235630797e-10	7.44619659e-11	-7.44619659e-11
103134.303	22.065	-23.066	3.119206608e-10	7.50086106e-11	-7.50086106e-11
103188.461	30.591	-32.092	2.162386338e-10	5.411613921e-11	-5.411613921e-11
103232.340	24.322	-13.288	3.734550687e-10	8.96760312e-11	-8.96760312e-11
103282.360	34.477	-25.699	2.274338157e-10	5.607283689e-11	-5.607283689e-11
103351.812	32.723	-34.975	1.93865847e-10	4.986921051e-11	-4.986921051e-11
103411.457	30.746	-26.922	2.474149587e-10	5.974446387e-11	-5.974446387e-11
103478.215	34.193	-36.012	2.105616534e-10	5.052685722e-11	-5.052685722e-11
103542.077	28.000	-29.669	2.440423881e-10	6.012440049e-11	-6.012440049e-11
103589.507	23.193	-19.431	3.271666251e-10	7.92490944e-11	-7.92490944e-11
103638.149	17.176	-25.449	3.294498123e-10	7.92239007e-11	-7.92239007e-11
103677.711	15.223	-22.386	3.905024151e-10	9.19469145e-11	-9.19469145e-11
103719.135	28.961	-26.2	2.440462941e-10	6.070940862e-11	-6.070940862e-11
103783.447	34.854	-35.351	1.843382016e-10	4.793766747e-11	-4.793766747e-11
103872.720	43.356	-54.419	2.774408364e-10	4.833748563e-11	-4.833748563e-11
108743.713	14.985	-17.611	3.557461761e-10	8.2734288e-11	-8.2734288e-11
108795.301	33.601	-36.604	1.48944894e-10	3.737396859e-11	-3.737396859e-11
108849.712	24.322	-20.81	2.357803518e-10	5.820352734e-11	-5.820352734e-11
108903.703	25.492	-29.669	2.058773829e-10	4.875318168e-11	-4.875318168e-11
108960.308	19.034	-31.113	2.376720276e-10	5.461864611e-11	-5.461864611e-11
109001.011	25.970	-21.67	2.352628719e-10	5.631072531e-11	-5.631072531e-11
109066.218	33.475	-39.237	1.417316838e-10	3.603915168e-11	-3.603915168e-11
109126.395	28.459	-26.702	1.968238608e-10	4.750760385e-11	-4.750760385e-11
109189.703	30.341	-34.85	1.570846725e-10	4.014416238e-11	-4.014416238e-11
109245.057	20.119	-25.013	2.4821328e-10	5.931936087e-11	-5.931936087e-11
109283.742	26.566	-18.565	2.601828264e-10	5.961926355e-11	-5.961926355e-11
109347.119	18.350	-36.811	2.151129246e-10	5.001080301e-11	-5.001080301e-11
109388.911	31.719	-23.442	1.934885274e-10	4.760910126e-11	-4.760910126e-11
109450.090	28.209	-29.46	1.82005278e-10	4.55944776e-11	-4.55944776e-11
109498.232	12.662	-19.933	3.434381097e-10	8.04684174e-11	-8.04684174e-11
109536.623	21.910	-25.729	2.412032469e-10	5.634789741e-11	-5.634789741e-11
109578.705	22.453	-20.172	2.850327333e-10	6.420688659e-11	-6.420688659e-11
109632.998	33.350	-31.841	1.567943265e-10	3.99359205e-11	-3.99359205e-11
109701.324	22.692	-34.976	1.784133204e-10	4.529082516e-11	-4.529082516e-11
109753.351	25.827	-29.334	1.912081395e-10	4.758661572e-11	-4.758661572e-11
109803.497	30.842	-24.32	1.944408753e-10	4.738361439e-11	-4.738361439e-11
109875.267	36.123	-40.928	2.107615104e-10	5.211204222e-11	-5.211204222e-11
109940.465	50.556	-29.075	2.105489589e-10	5.05506057e-11	-5.05506057e-11
110036.002	57.352	-44.981	1.298318595e-10	3.469221315e-11	-3.469221315e-11
110149.799	60.605	-56.446	2.294464473e-10	4.033253574e-11	-4.033253574e-11
113874.363	29.086	-36.104	1.494619182e-10	3.799905879e-11	-3.799905879e-11
113924.760	18.806	-21.312	2.490066537e-10	6.104706279e-11	-6.104706279e-11
113976.661	29.588	-33.095	1.505826147e-10	3.903752748e-11	-3.903752748e-11
114032.825	31.092	-26.576	1.637957664e-10	4.232413353e-11	-4.232413353e-11
114089.366	19.683	-25.449	2.174139492e-10	5.414234196e-11	-5.414234196e-11
114134.623	27.080	-25.574	1.883229075e-10	4.645826346e-11	-4.645826346e-11
114184.143	12.662	-22.44	2.91121992e-10	6.98530812e-11	-6.98530812e-11
114217.364	32.095	-20.559	1.846019868e-10	4.648423185e-11	-4.648423185e-11
114267.636	21.940	-18.178	2.444899506e-10	6.127147551e-11	-6.127147551e-11
114310.637	16.549	-21.061	2.683753359e-10	6.51880803e-11	-6.51880803e-11
114357.842	19.490	-30.657	2.218735596e-10	5.141358432e-11	-5.141358432e-11
114396.262	21.188	-18.929	2.462367138e-10	6.103133463e-11	-6.103133463e-11
114439.835	15.224	-22.386	2.867127039e-10	6.68080938e-11	-6.68080938e-11
114479.880	20.310	-24.821	2.266578237e-10	5.413825368e-11	-5.413825368e-11
114525.889	34.477	-25.699	1.589321454e-10	4.093355847e-11	-4.093355847e-11
114585.439	27.582	-25.072	1.886905923e-10	4.676815899e-11	-4.676815899e-11
114656.646	19.057	-43.626	1.560370833e-10	3.91665036e-11	-3.91665036e-11
114693.881	14.417	-18.178	3.117880521e-10	7.55005713e-11	-7.55005713e-11
114736.630	29.337	-28.331	1.698589851e-10	4.270375116e-11	-4.270375116e-11
114785.523	23.068	-19.557	2.379744171e-10	5.762634423e-11	-5.762634423e-11
114843.944	22.316	-35.352	1.676368617e-10	4.27574196e-11	-4.27574196e-11
114885.064	18.805	-18.804	2.706719337e-10	6.5443728e-11	-6.5443728e-11
114931.151	22.865	-27.281	2.097482289e-10	5.024998041e-11	-5.024998041e-11
114987.027	39.701	-33.011	1.354677618e-10	3.482467212e-11	-3.482467212e-11
115039.891	24.447	-13.163	2.647432116e-10	6.55154682e-11	-6.55154682e-11
115100.148	29.381	-35.809	1.676871189e-10	4.039074165e-11	-4.039074165e-11
115160.153	27.045	-30.624	1.807896006e-10	4.383149148e-11	-4.383149148e-11
115207.912	29.432	-20.714	2.083793712e-10	5.021949408e-11	-5.021949408e-11
115279.034	36.024	-41.69	2.553291657e-10	4.412726031e-11	-4.412726031e-11
121575.146	13.415	-16.673	2.145738966e-10	5.131562835e-11	-5.131562835e-11
121603.102	15.546	-14.542	2.138155467e-10	5.072458545e-11	-5.072458545e-11
121633.394	12.835	-14.745	2.488864791e-10	5.600551047e-11	-5.600551047e-11
121662.640	16.184	-16.411	2.177748636e-10	4.913073564e-11	-4.913073564e-11
121697.252	19.182	-18.428	1.668343089e-10	4.095666897e-11	-4.095666897e-11
121733.805	17.731	-17.372	1.916480202e-10	4.478686653e-11	-4.478686653e-11
121777.635	16.526	-26.098	1.607941356e-10	3.747314844e-11	-3.747314844e-11
121804.874	9.346	-10.713	3.576554289e-10	7.91918715e-11	-7.91918715e-11
121827.884	16.423	-13.665	2.129345484e-10	5.084145297e-11	-5.084145297e-11
121864.638	17.279	-20.33	1.954212813e-10	4.386111849e-11	-4.386111849e-11
121905.611	11.409	-23.694	1.784693064e-10	4.309877145e-11	-4.309877145e-11
121943.624	31.060	-26.605	1.992474687e-10	3.553556412e-11	-3.553556412e-11
125914.158	13.164	-11.91	2.460707088e-10	5.764347204e-11	-5.764347204e-11
125946.251	13.665	-18.93	1.833338388e-10	4.407008298e-11	-4.407008298e-11
125985.240	14.794	-25.323	1.481839401e-10	3.618815256e-11	-3.618815256e-11
126018.724	18.919	-18.69	1.756467006e-10	4.055930508e-11	-4.055930508e-11
126055.135	22.626	-17.491	1.579887162e-10	3.74256645e-11	-3.74256645e-11
126100.013	15.358	-22.252	1.911095781e-10	4.220625696e-11	-4.220625696e-11
126131.071	16.895	-15.7	1.956389106e-10	4.580719836e-11	-4.580719836e-11
126163.762	11.785	-15.796	2.247084693e-10	5.299951797e-11	-5.299951797e-11
126199.742	13.414	-24.195	1.625808702e-10	3.874382883e-11	-3.874382883e-11
126233.751	19.522	-20.595	1.580493894e-10	3.719075115e-11	-3.719075115e-11
126273.783	14.593	-20.509	2.211996444e-10	4.653659829e-11	-4.653659829e-11
126305.049	20.936	-16.673	1.600619559e-10	3.901984632e-11	-3.901984632e-11
126340.152	15.922	-14.166	2.011645335e-10	4.844068215e-11	-4.844068215e-11
126375.236	15.940	-19.163	1.794480198e-10	4.258045176e-11	-4.258045176e-11
126421.035	20.288	-29.859	1.322634096e-10	3.049282698e-11	-3.049282698e-11
126457.262	16.656	-15.939	1.968153978e-10	4.58547474e-11	-4.58547474e-11
126485.075	16.423	-11.157	2.232966456e-10	5.257656978e-11	-5.257656978e-11
126519.706	14.388	-18.208	1.987178151e-10	4.59193917e-11	-4.59193917e-11
126557.661	24.071	-23.568	1.220665362e-10	3.040164141e-11	-3.040164141e-11
126598.030	13.791	-16.297	2.037574665e-10	4.847263323e-11	-4.847263323e-11
126624.608	12.286	-12.787	2.481183642e-10	5.802452187e-11	-5.802452187e-11
126650.325	21.671	-13.432	1.801783116e-10	4.225723677e-11	-4.225723677e-11
126703.185	26.472	-31.189	1.731572766e-10	3.240582303e-11	-3.240582303e-11
131018.060	12.716	-19.879	1.522154529e-10	3.527782671e-11	-3.527782671e-11
131045.443	20.435	-14.667	1.348939704e-10	3.183076218e-11	-3.183076218e-11
131093.960	19.558	-28.081	9.75923865e-11	2.354894199e-11	-2.354894199e-11
131125.803	12.788	-12.286	1.940857548e-10	4.460099952e-11	-4.460099952e-11
131148.244	17.928	-9.653	1.764205443e-10	4.098274152e-11	-4.098274152e-11
131178.290	10.447	-12.119	2.277236409e-10	5.100258198e-11	-5.100258198e-11
131201.900	11.910	-13.163	1.922314464e-10	4.458633249e-11	-4.458633249e-11
131229.481	14.417	-15.67	1.578202374e-10	3.654824019e-11	-3.654824019e-11
131268.344	15.671	-24.446	1.167156417e-10	2.789337747e-11	-2.789337747e-11
131309.589	19.558	-25.574	1.009432137e-10	2.487905217e-11	-2.487905217e-11
131358.577	20.716	-29.43	9.64174617e-11	2.272394271e-11	-2.272394271e-11
131394.462	12.412	-15.169	1.727975991e-10	4.045553568e-11	-4.045553568e-11
131421.667	12.788	-14.793	1.743889035e-10	4.07005851e-11	-4.07005851e-11
131453.008	14.041	-18.554	1.459361673e-10	3.43280112e-11	-3.43280112e-11
131484.350	20.310	-17.3	1.258928538e-10	2.975374668e-11	-2.975374668e-11
131518.825	15.922	-14.166	1.571420907e-10	3.633487494e-11	-3.633487494e-11
131552.640	12.195	-17.893	1.7286654e-10	3.836967309e-11	-3.836967309e-11
131591.287	21.187	-26.452	9.62266536e-11	2.32194123e-11	-2.32194123e-11
131630.324	19.761	-17.849	1.304352063e-10	3.022997271e-11	-3.022997271e-11
131662.800	12.358	-12.715	2.016426279e-10	4.529383278e-11	-4.529383278e-11
131703.239	17.051	-28.081	1.025247531e-10	2.446288089e-11	-2.446288089e-11
131741.852	28.578	-21.562	1.410042564e-10	2.695422534e-11	-2.695422534e-11
138863.986	8.206	-11.853	3.299012157e-10	7.14318864e-11	-7.14318864e-11
138888.011	21.790	-15.82	1.645885542e-10	3.850403298e-11	-3.850403298e-11
138925.346	17.050	-15.545	1.891544298e-10	4.440885687e-11	-4.440885687e-11
138955.948	16.537	-13.551	2.193944214e-10	5.037914532e-11	-5.037914532e-11
138988.896	16.184	-16.411	2.092569843e-10	4.711106022e-11	-4.711106022e-11
139033.913	18.806	-28.834	1.358228823e-10	3.162608127e-11	-3.162608127e-11
139075.410	19.934	-22.691	1.445277939e-10	3.454326435e-11	-3.454326435e-11
139152.730	52.932	-57.386	9.79025229e-11	1.790354811e-11	-1.790354811e-11
142680.724	46.638	-28.582	1.266509433e-10	3.149363532e-11	-3.149363532e-11
142754.314	23.193	-26.953	1.89508704e-10	4.704437829e-11	-4.704437829e-11
142808.096	22.065	-30.589	1.862271432e-10	4.464223386e-11	-4.464223386e-11
142850.220	17.552	-20.058	2.661953973e-10	6.319177578e-11	-6.319177578e-11
142889.334	18.554	-21.563	2.477700792e-10	5.872265427e-11	-5.872265427e-11
142940.733	29.838	-32.845	1.535811207e-10	3.76161471e-11	-3.76161471e-11
143002.150	31.104	-31.579	1.605712983e-10	3.838957416e-11	-3.838957416e-11
143066.532	26.898	-33.278	1.790182296e-10	4.119883446e-11	-4.119883446e-11
143127.528	38.614	-34.098	1.268428581e-10	3.236410044e-11	-3.236410044e-11
143198.361	27.958	-32.218	1.553691573e-10	3.916594374e-11	-3.916594374e-11
143274.707	39.367	-48.389	1.038029916e-10	2.685891894e-11	-2.685891894e-11
143346.543	25.200	-32.469	1.645720188e-10	4.078496772e-11	-4.078496772e-11
143410.963	28.477	-39.22	1.469290725e-10	3.546657765e-11	-3.546657765e-11
143484.947	42.250	-45.506	1.041437901e-10	2.685246102e-11	-2.685246102e-11
143573.699	41.254	-46.502	1.083689103e-10	2.743594581e-11	-2.743594581e-11
143637.017	28.083	-22.064	1.901513061e-10	4.680773328e-11	-4.680773328e-11
143711.107	46.764	-46.007	9.87027321e-11	2.531614008e-11	-2.531614008e-11
143784.824	18.179	-26.953	2.182167624e-10	5.180218575e-11	-5.180218575e-11
143838.229	47.516	-35.226	1.062889653e-10	2.84544939e-11	-2.84544939e-11
143924.368	31.582	-38.623	1.394962149e-10	3.456031404e-11	-3.456031404e-11
143985.410	20.686	-29.46	1.937481462e-10	4.706099181e-11	-4.706099181e-11
144081.346	60.132	-75.25	1.263661959e-10	2.357554185e-11	-2.357554185e-11
149090.216	21.074	-24.058	1.503031404e-10	3.53467611e-11	-3.53467611e-11
149133.354	23.068	-22.064	1.419172188e-10	3.410883903e-11	-3.410883903e-11
149182.497	24.071	-26.076	1.3490673e-10	3.247670391e-11	-3.247670391e-11
149228.000	18.686	-21.431	1.682780967e-10	3.902866737e-11	-3.902866737e-11
149281.011	20.836	-34.326	1.215290055e-10	2.85356736e-11	-2.85356736e-11
149336.447	20.561	-34.6	1.146358269e-10	2.777768175e-11	-2.777768175e-11
149375.574	11.522	-18.566	2.285214414e-10	5.243874006e-11	-5.243874006e-11
149402.014	15.170	-14.918	2.159163888e-10	5.049811557e-11	-5.049811557e-11
149436.740	23.068	-19.557	1.51955118e-10	3.599472093e-11	-3.599472093e-11
149482.875	24.573	-23.067	1.342505871e-10	3.221385615e-11	-3.221385615e-11
149550.571	39.618	-43.124	7.42848939e-11	1.860966828e-11	-1.860966828e-11
149614.635	30.715	-24.446	1.165066707e-10	2.809290897e-11	-2.809290897e-11
149677.049	28.477	-31.699	1.113098028e-10	2.613614619e-11	-2.613614619e-11
149735.315	22.865	-29.789	1.253070189e-10	3.012275301e-11	-3.012275301e-11
149787.013	28.835	-28.833	1.108017624e-10	2.698124835e-11	-2.698124835e-11
149851.845	24.179	-35.997	1.105539918e-10	2.616137244e-11	-2.616137244e-11
149896.960	16.674	-20.936	1.728143949e-10	4.093579791e-11	-4.093579791e-11
149933.442	20.310	-19.807	1.645433097e-10	3.860529603e-11	-3.860529603e-11
149978.698	27.707	-24.947	1.231024725e-10	2.934830388e-11	-2.934830388e-11
150036.241	30.340	-29.836	1.054189689e-10	2.567047938e-11	-2.567047938e-11
150089.944	16.754	-23.363	1.787453955e-10	4.021210074e-11	-4.021210074e-11
150125.144	26.686	-18.446	1.498251111e-10	3.464278272e-11	-3.464278272e-11
150184.674	42.376	-32.844	8.38297257e-11	2.065124985e-11	-2.065124985e-11
150263.530	28.710	-36.481	9.8436408e-11	2.373568134e-11	-2.373568134e-11
150312.800	19.558	-20.56	1.611027096e-10	3.853203249e-11	-3.853203249e-11
150356.176	26.328	-23.819	1.267948794e-10	3.082497369e-11	-3.082497369e-11
150409.959	17.677	-27.455	1.454602212e-10	3.429134037e-11	-3.429134037e-11
150451.706	18.555	-24.07	1.538122908e-10	3.643463418e-11	-3.643463418e-11
150513.768	41.728	-43.507	1.281185577e-10	2.370283188e-11	-2.370283188e-11
155110.341	19.934	-20.184	1.965372906e-10	4.573635654e-11	-4.573635654e-11
155157.855	17.552	-27.58	1.874669076e-10	4.24651206e-11	-4.24651206e-11
155199.852	18.179	-24.446	1.806495705e-10	4.257202782e-11	-4.257202782e-11
155246.267	24.417	-28.236	1.55982204e-10	3.540811134e-11	-3.540811134e-11
155289.728	18.566	-19.043	2.211754272e-10	4.946986107e-11	-4.946986107e-11
155337.253	36.232	-28.958	1.186605693e-10	2.814198135e-11	-2.814198135e-11
155411.846	19.307	-38.361	1.31584026e-10	3.176380683e-11	-3.176380683e-11
155454.471	29.337	-23.317	1.453152435e-10	3.451852635e-11	-3.451852635e-11
155509.059	27.402	-25.252	1.493123184e-10	3.547880343e-11	-3.547880343e-11
155573.891	27.761	-37.429	1.233170421e-10	2.876418111e-11	-2.876418111e-11
155628.933	22.865	-27.281	1.607252598e-10	3.731852943e-11	-3.731852943e-11
155675.492	28.960	-23.693	1.415363838e-10	3.444555576e-11	-3.444555576e-11
155733.411	16.173	-28.959	1.678151055e-10	3.999088443e-11	-3.999088443e-11
155771.135	16.059	-21.551	2.145439506e-10	4.914091728e-11	-4.914091728e-11
155817.281	30.089	-30.087	1.286184606e-10	3.016694289e-11	-3.016694289e-11
155874.072	23.444	-26.702	1.555455783e-10	3.60279675e-11	-3.60279675e-11
155927.729	27.456	-30.213	1.344154854e-10	3.152660847e-11	-3.152660847e-11
155981.260	34.101	-26.075	1.251659472e-10	3.001976481e-11	-3.001976481e-11
156038.678	26.829	-23.318	1.534098426e-10	3.626761362e-11	-3.626761362e-11
156109.509	41.247	-44.002	8.71969581e-11	2.125577496e-11	-2.125577496e-11
156185.917	22.507	-35.161	1.359130458e-10	3.229494471e-11	-3.229494471e-11
156272.494	53.763	-64.069	1.179162159e-10	2.093392056e-11	-2.093392056e-11
160674.393	26.209	-46.504	8.56321494e-11	1.945191906e-11	-1.945191906e-11
160736.360	24.417	-35.759	1.057000056e-10	2.408086758e-11	-2.408086758e-11
160786.351	27.080	-25.574	1.124341449e-10	2.675953728e-11	-2.675953728e-11
160840.235	28.357	-26.804	1.153055757e-10	2.630780838e-11	-2.630780838e-11
160901.313	27.456	-32.72	1.01407572e-10	2.347212399e-11	-2.347212399e-11
160969.035	22.417	-40.267	1.201824771e-10	2.522763012e-11	-2.522763012e-11
161022.165	36.985	-30.713	8.58465888e-11	2.065846944e-11	-2.065846944e-11
161094.126	20.185	-34.976	1.094349228e-10	2.548579719e-11	-2.548579719e-11
161135.622	33.850	-21.311	1.192219917e-10	2.674553427e-11	-2.674553427e-11
161200.060	29.588	-30.588	9.83258682e-11	2.340173787e-11	-2.340173787e-11
161261.866	22.943	-32.218	1.098680982e-10	2.582464269e-11	-2.582464269e-11
161314.269	25.701	-29.46	1.082290104e-10	2.563803354e-11	-2.563803354e-11
161370.308	19.809	-30.338	1.215593421e-10	2.809361856e-11	-2.809361856e-11
161412.055	23.193	-21.938	1.32779262e-10	3.145367043e-11	-3.145367043e-11
161464.584	18.304	-29.335	1.281203805e-10	2.960994078e-11	-2.960994078e-11
161503.364	19.641	-20.476	1.59032139e-10	3.59674245e-11	-3.59674245e-11
161548.734	29.432	-25.729	1.134189126e-10	2.63807985e-11	-2.63807985e-11
161600.230	15.546	-22.064	1.608184179e-10	3.722354853e-11	-3.722354853e-11
161645.445	30.507	-29.669	1.044898617e-10	2.401643811e-11	-2.401643811e-11
161717.777	35.902	-41.825	8.39745732e-11	1.908049752e-11	-1.908049752e-11
161786.387	24.960	-32.708	1.148940135e-10	2.570212449e-11	-2.570212449e-11
161829.197	19.760	-17.849	1.695821799e-10	3.813139407e-11	-3.813139407e-11
161875.660	20.937	-26.702	1.259382936e-10	2.923937856e-11	-2.923937856e-11
161922.171	19.558	-25.574	1.341835341e-10	3.115367661e-11	-3.115367661e-11
161975.326	24.071	-33.597	1.034780775e-10	2.432266851e-11	-2.432266851e-11
162029.032	40.555	-29.635	1.050996534e-10	2.222666334e-11	-2.222666334e-11
165478.329	40.620	-34.6	9.30287463e-11	2.281014813e-11	-2.281014813e-11
165535.873	15.671	-16.924	2.321202996e-10	5.333041476e-11	-5.333041476e-11
165585.141	26.578	-33.597	1.197799638e-10	2.877474033e-11	-2.877474033e-11
165631.903	24.948	-20.183	1.630977642e-10	3.833950575e-11	-3.833950575e-11
165686.759	35.283	-29.908	1.185332337e-10	2.786962899e-11	-2.786962899e-11
165738.458	18.686	-16.417	2.292434655e-10	5.125416093e-11	-5.125416093e-11
165779.208	40.619	-22.064	1.170028629e-10	2.782577763e-11	-2.782577763e-11
165838.882	21.062	-19.055	1.882745382e-10	4.339697502e-11	-4.339697502e-11
165881.632	25.951	-21.688	1.564681104e-10	3.678106383e-11	-3.678106383e-11
165933.408	34.351	-25.825	1.210141296e-10	2.912038227e-11	-2.912038227e-11
165997.846	30.089	-30.087	1.220070348e-10	2.921114469e-11	-2.921114469e-11
166052.129	43.503	-24.194	1.084245708e-10	2.557195704e-11	-2.557195704e-11
166123.511	27.283	-27.878	1.399700127e-10	3.198153378e-11	-3.198153378e-11
166173.735	19.683	-22.942	1.748615295e-10	4.063467786e-11	-4.063467786e-11
166216.109	29.963	-22.691	1.397962608e-10	3.302572476e-11	-3.302572476e-11
166266.005	22.692	-19.933	1.72914714e-10	4.044664302e-11	-4.044664302e-11
166322.293	26.579	-33.597	1.20908928e-10	2.851639098e-11	-2.851639098e-11
166376.511	32.537	-27.639	1.266959274e-10	2.926972818e-11	-2.926972818e-11
166435.249	21.438	-26.201	1.558092984e-10	3.614821371e-11	-3.614821371e-11
166484.392	34.978	-27.705	1.172225103e-10	2.755557357e-11	-2.755557357e-11
166550.586	28.961	-31.215	1.218233226e-10	2.854274997e-11	-2.854274997e-11
166597.097	22.566	-17.551	1.833628734e-10	4.303211556e-11	-4.303211556e-11
166650.628	29.211	-30.965	1.217651883e-10	2.867080818e-11	-2.867080818e-11
166710.822	26.686	-30.983	1.344084546e-10	3.085589619e-11	-3.085589619e-11
166755.184	17.426	-17.676	2.118183438e-10	4.914246666e-11	-4.914246666e-11
166804.578	28.208	-31.968	1.187493657e-10	2.862378645e-11	-2.862378645e-11
166880.158	50.400	-47.372	1.21002672e-10	2.266223442e-11	-2.266223442e-11
171304.049	13.790	-16.297	1.064530824e-10	2.391825429e-11	-2.391825429e-11
171334.820	18.121	-16.981	9.74144682e-11	2.135544306e-11	-2.135544306e-11
171368.487	14.543	-15.545	1.007911401e-10	2.320173765e-11	-2.320173765e-11
171401.720	21.427	-18.69	7.90674654e-11	1.741098849e-11	-1.741098849e-11
171438.489	14.746	-15.342	1.012549125e-10	2.264441004e-11	-2.264441004e-11
171473.233	15.104	-19.999	8.77113783e-11	1.970730636e-11	-1.970730636e-11
171501.364	9.539	-13.027	1.487796702e-10	3.167991897e-11	-3.167991897e-11
171522.663	13.313	-11.76	1.224139749e-10	2.733396015e-11	-2.733396015e-11
171560.827	30.307	-24.851	9.04205148e-11	1.601638374e-11	-1.601638374e-11
212724.552	25.644	-24.503	7.25435991e-11	1.600433373e-11	-1.600433373e-11
212771.758	23.569	-21.563	7.07339493e-11	1.659751842e-11	-1.659751842e-11
212813.296	17.132	-17.969	9.64598418e-11	2.181756843e-11	-2.181756843e-11
218173.269	44.005	-33.722	6.275832696e-11	1.525985013e-11	-1.525985013e-11
218247.361	35.104	-30.087	7.67153373e-11	1.813633269e-11	-1.813633269e-11
218315.686	21.940	-33.222	9.18872178e-11	2.138930808e-11	-2.138930808e-11
218374.608	30.716	-36.982	7.33258407e-11	1.74256425e-11	-1.74256425e-11
218435.035	27.957	-29.711	8.64552738e-11	2.036832525e-11	-2.036832525e-11
218492.954	47.766	-29.961	6.39558675e-11	1.522542525e-11	-1.522542525e-11
218565.541	35.354	-24.822	8.23088595e-11	1.969769109e-11	-1.969769109e-11
218629.227	21.814	-28.332	1.005351018e-10	2.340233679e-11	-2.340233679e-11
218698.261	38.029	-47.22	6.073033176e-11	1.420711803e-11	-1.420711803e-11
218768.634	30.339	-32.344	8.03043654e-11	1.891920576e-11	-1.891920576e-11
218822.792	33.850	-23.819	8.77727025e-11	2.053674546e-11	-2.053674546e-11
218889.988	41.873	-33.346	6.62766825e-11	1.566850887e-11	-1.566850887e-11
218964.456	32.596	-32.595	7.83300777e-11	1.842225189e-11	-1.842225189e-11
219031.377	30.865	-34.325	8.21192883e-11	1.87402068e-11	-1.87402068e-11
219103.612	28.835	-41.37	7.60548978e-11	1.74704313e-11	-1.74704313e-11
219185.493	64.789	-53.045	7.49305557e-11	1.339413621e-11	-1.339413621e-11
223868.960	23.820	-23.819	8.70618105e-11	2.006705547e-11	-2.006705547e-11
223919.984	22.943	-27.204	8.32346466e-11	1.921778691e-11	-1.921778691e-11
223973.390	27.205	-30.463	7.00308042e-11	1.662456096e-11	-1.662456096e-11
224018.648	17.050	-18.053	1.172793426e-10	2.712470922e-11	-2.712470922e-11
224057.010	21.312	-21.312	9.67391208e-11	2.252869479e-11	-2.252869479e-11
224100.589	17.850	-22.267	1.073177406e-10	2.442207621e-11	-2.442207621e-11
224158.179	35.480	-39.74	5.381632116e-11	1.291169313e-11	-1.291169313e-11
224216.475	29.838	-22.816	7.9287894e-11	1.833793437e-11	-1.833793437e-11
224268.126	25.826	-21.813	8.67230952e-11	2.023107492e-11	-2.023107492e-11
224315.264	21.313	-21.312	9.70773804e-11	2.256849042e-11	-2.256849042e-11
224356.509	15.170	-19.933	1.203891696e-10	2.73742245e-11	-2.73742245e-11
224398.883	17.928	-27.204	9.20183943e-11	2.128228368e-11	-2.128228368e-11
224444.505	24.960	-27.694	8.6435223e-11	1.933195278e-11	-1.933195278e-11
224490.060	17.014	-20.596	1.192484874e-10	2.652533352e-11	-2.652533352e-11
224531.013	23.701	-23.938	9.28268061e-11	2.081579661e-11	-2.081579661e-11
224578.909	30.966	-24.195	7.57639008e-11	1.749289731e-11	-1.749289731e-11
224666.288	38.866	-56.413	4.852938741e-11	1.083811491e-11	-1.083811491e-11
224734.363	25.951	-29.21	7.54104078e-11	1.744114932e-11	-1.744114932e-11
224796.491	34.019	-36.176	8.15572149e-11	1.624038633e-11	-1.624038633e-11
240370.748	14.919	-25.198	6.84432105e-11	1.566200538e-11	-1.566200538e-11
240404.973	23.318	-19.306	6.279105273e-11	1.444088562e-11	-1.444088562e-11
240449.353	26.578	-21.061	5.697570879e-11	1.328156529e-11	-1.328156529e-11
240499.499	21.563	-23.568	6.105264837e-11	1.413587259e-11	-1.413587259e-11
240539.151	17.014	-18.088	8.38807641e-11	1.883075439e-11	-1.883075439e-11
240574.719	19.056	-18.554	7.19913558e-11	1.652907879e-11	-1.652907879e-11
240625.366	21.062	-31.592	5.270978391e-11	1.224553134e-11	-1.224553134e-11
240669.531	24.536	-23.103	6.108627252e-11	1.380168825e-11	-1.380168825e-11
240710.365	18.805	-16.297	7.87713906e-11	1.79953977e-11	-1.79953977e-11
240761.319	28.023	-32.15	7.16400762e-11	1.328630457e-11	-1.328630457e-11
245808.643	19.933	-30.213	5.361713469e-11	1.236903255e-11	-1.236903255e-11
245850.116	31.114	-21.54	5.714498181e-11	1.257128523e-11	-1.257128523e-11
245898.530	17.802	-17.3	7.60311363e-11	1.745247672e-11	-1.745247672e-11
245937.770	13.665	-21.437	7.70244321e-11	1.785819945e-11	-1.785819945e-11
245972.508	26.566	-21.073	5.900212206e-11	1.332663402e-11	-1.332663402e-11
246024.774	16.925	-25.7	6.422693088e-11	1.457364405e-11	-1.457364405e-11
246057.996	16.298	-16.297	8.11907019e-11	1.882414023e-11	-1.882414023e-11
246098.948	20.477	-24.655	6.235175142e-11	1.412820381e-11	-1.412820381e-11
246143.119	26.453	-23.694	5.311773306e-11	1.235679375e-11	-1.235679375e-11
246190.525	14.149	-20.954	8.04210246e-11	1.804947627e-11	-1.804947627e-11
246228.994	25.826	-24.32	5.270316324e-11	1.221928302e-11	-1.221928302e-11
246285.969	24.009	-31.148	6.239365629e-11	1.266144873e-11	-1.266144873e-11
258443.974	21.910	-28.237	8.61079653e-11	1.969889544e-11	-1.969889544e-11
258499.983	31.092	-34.099	6.206005134e-11	1.463462322e-11	-1.463462322e-11
258574.450	34.351	-43.375	5.138312403e-11	1.22027346e-11	-1.22027346e-11
258645.909	28.083	-37.108	6.210769152e-11	1.459449558e-11	-1.459449558e-11
258706.407	22.743	-32.416	7.78579074e-11	1.74908727e-11	-1.74908727e-11
274914.445	46.136	-44.128	3.113384715e-11	7.27562157e-12	-7.27562157e-12
274990.668	27.581	-30.087	5.188096977e-11	1.149523431e-11	-1.149523431e-11
275043.196	30.214	-24.947	4.891495518e-11	1.135505448e-11	-1.135505448e-11
275097.229	23.820	-23.819	5.845378476e-11	1.341367923e-11	-1.341367923e-11
275142.487	23.695	-21.437	6.031207077e-11	1.395449097e-11	-1.395449097e-11
275194.388	24.447	-28.207	5.198143209e-11	1.196767803e-11	-1.196767803e-11
275240.147	28.835	-21.312	5.429556783e-11	1.245947598e-11	-1.245947598e-11
275289.290	24.823	-20.309	5.944861692e-11	1.380032766e-11	-1.380032766e-11
275338.935	27.832	-24.822	5.136241572e-11	1.188379668e-11	-1.188379668e-11
275402.406	24.537	-35.639	4.788617337e-11	1.069379472e-11	-1.069379472e-11
275467.435	42.250	-40.492	3.184887951e-11	7.60769667e-12	-7.60769667e-12
275531.748	28.082	-22.064	5.378108253e-11	1.252620999e-11	-1.252620999e-11
275580.641	24.321	-20.811	6.061201251e-11	1.393177758e-11	-1.393177758e-11
275643.073	32.094	-38.111	3.854571651e-11	9.1141302e-12	-9.1141302e-12
275716.794	53.644	-41.627	5.577544056e-11	9.2261022e-12	-9.2261022e-12
286733.539	36.608	-43.626	4.226153988e-11	9.8117418e-12	-9.8117418e-12
286801.487	31.342	-31.341	5.342335803e-11	1.265570691e-11	-1.265570691e-11
286865.174	30.339	-32.344	5.555208246e-11	1.270707732e-11	-1.270707732e-11
286937.510	23.193	-41.997	5.416162458e-11	1.240936851e-11	-1.240936851e-11
287005.834	45.130	-45.131	5.257123809e-11	1.044944187e-11	-1.044944187e-11
297158.176	34.088	-31.102	4.261082091e-11	9.6375342e-12	-9.6375342e-12
297224.483	25.450	-32.218	4.543504119e-11	1.054929876e-11	-1.054929876e-11
297280.677	31.939	-30.744	4.491786726e-11	1.009244649e-11	-1.009244649e-11
297353.108	42.250	-40.492	3.176310375e-11	7.41364659e-12	-7.41364659e-12
297423.188	29.837	-27.831	4.618249986e-11	1.063021806e-11	-1.063021806e-11
297475.341	30.339	-22.315	5.004839826e-11	1.168151145e-11	-1.168151145e-11
297534.513	26.327	-28.834	4.795887705e-11	1.10582115e-11	-1.10582115e-11
297588.671	27.330	-27.831	4.816946253e-11	1.110676308e-11	-1.110676308e-11
297641.450	22.190	-25.449	5.612357583e-11	1.305375435e-11	-1.305375435e-11
297699.877	28.954	-36.236	4.201152984e-11	9.61345371e-12	-9.61345371e-12
297767.568	31.468	-38.737	3.73460472e-11	8.68629951e-12	-8.68629951e-12
297832.633	26.578	-33.598	4.446641829e-11	1.03244043e-11	-1.03244043e-11
297878.518	20.811	-19.306	6.77615484e-11	1.546363266e-11	-1.546363266e-11
297924.276	20.184	-24.948	5.878261788e-11	1.362465531e-11	-1.362465531e-11
297981.044	23.592	-36.584	4.924976448e-11	1.077988947e-11	-1.077988947e-11
298051.259	43.641	-46.623	2.972916492e-11	6.95431401e-12	-6.95431401e-12
298129.876	32.721	-34.976	3.912497631e-11	9.05264976e-12	-9.05264976e-12
298187.921	37.360	-25.323	4.198906383e-11	9.83487834e-12	-9.83487834e-12
298255.117	27.832	-29.837	4.513229364e-11	1.055255376e-11	-1.055255376e-11
298304.135	23.945	-21.187	5.903614983e-11	1.351876365e-11	-1.351876365e-11
298344.002	19.181	-15.921	7.53827403e-11	1.73215476e-11	-1.73215476e-11
298393.808	37.073	-30.625	3.987523428e-11	9.2328726e-12	-9.2328726e-12
298468.866	29.712	-37.985	3.840145491e-11	9.01040637e-12	-9.01040637e-12
298533.179	40.619	-34.6	3.4347411e-11	8.20355046e-12	-8.20355046e-12
298597.743	43.753	-23.944	3.84703242e-11	9.02656419e-12	-9.02656419e-12
298677.225	29.462	-35.729	3.944642058e-11	9.32121981e-12	-9.32121981e-12
298762.236	47.237	-55.549	3.658937688e-11	7.20308715e-12	-7.20308715e-12
302919.901	27.581	-32.595	4.357063578e-11	1.008484932e-11	-1.008484932e-11
302974.184	33.473	-26.702	4.304209539e-11	1.014042519e-11	-1.014042519e-11
303032.910	17.372	-25.252	6.49356876e-11	1.471696821e-11	-1.471696821e-11
303074.215	13.676	-23.933	7.85811033e-11	1.7259312e-11	-1.7259312e-11
303121.991	28.584	-34.099	4.188470853e-11	9.69462039e-12	-9.69462039e-12
303163.989	21.688	-13.414	7.52329452e-11	1.705412331e-11	-1.705412331e-11
303213.966	21.858	-28.289	6.009606897e-11	1.287273729e-11	-1.287273729e-11
303257.261	36.231	-21.437	4.427340981e-11	1.056248802e-11	-1.056248802e-11
303324.719	18.919	-31.227	5.803592088e-11	1.270646538e-11	-1.270646538e-11
303389.145	37.235	-45.507	3.059881629e-11	7.32656883e-12	-7.32656883e-12
303449.005	25.014	-22.625	5.7644097e-11	1.299901176e-11	-1.299901176e-11
303519.492	29.747	-45.473	3.824267601e-11	8.43970722e-12	-8.43970722e-12
303578.574	23.318	-29.335	4.882883439e-11	1.148323638e-11	-1.148323638e-11
303636.744	22.817	-34.851	4.598520129e-11	1.051452885e-11	-1.051452885e-11
303699.498	32.775	-39.937	3.79674267e-11	8.56182831e-12	-8.56182831e-12
303761.232	28.709	-28.959	4.521493809e-11	1.052082402e-11	-1.052082402e-11
303822.357	37.790	-32.415	3.911174799e-11	8.87914524e-12	-8.87914524e-12
303899.128	38.745	-38.982	3.483797856e-11	7.89564699e-12	-7.89564699e-12
303970.719	19.808	-32.846	4.945768737e-11	1.134787395e-11	-1.134787395e-11
304025.754	29.963	-35.227	3.986246817e-11	9.29177508e-12	-9.29177508e-12
304097.543	40.916	-41.825	3.411273201e-11	7.65030462e-12	-7.65030462e-12
304153.378	20.184	-14.918	7.57174194e-11	1.734288738e-11	-1.734288738e-11
304208.413	27.832	-34.851	4.112587038e-11	9.70630584e-12	-9.70630584e-12
304270.469	40.995	-34.224	3.456994884e-11	8.02973346e-12	-8.02973346e-12
304336.287	25.324	-24.822	5.119381974e-11	1.195418931e-11	-1.195418931e-11
304386.744	17.492	-25.133	6.47362212e-11	1.462272294e-11	-1.462272294e-11
304440.705	26.214	-36.47	4.556260464e-11	1.016867208e-11	-1.016867208e-11
304515.232	54.473	-48.313	4.929708567e-11	8.21543772e-12	-8.21543772e-12
309278.923	24.894	-30.267	4.982707128e-11	1.129529268e-11	-1.129529268e-11
309346.501	42.566	-42.683	3.153985632e-11	7.36075935e-12	-7.36075935e-12
309433.571	30.715	-44.504	3.376169328e-11	7.95649596e-12	-7.95649596e-12
309496.003	20.937	-31.717	5.019025116e-11	1.168125105e-11	-1.168125105e-11
309536.542	20.515	-19.602	7.17243156e-11	1.573093326e-11	-1.573093326e-11
309596.546	30.716	-39.489	3.668873901e-11	8.67747846e-12	-8.67747846e-12
309646.693	18.178	-19.432	7.11140031e-11	1.614964995e-11	-1.614964995e-11
309687.061	22.942	-22.19	5.88580167e-11	1.343621685e-11	-1.343621685e-11
309727.555	25.073	-17.551	6.20266941e-11	1.428394254e-11	-1.428394254e-11
309769.552	23.193	-16.924	6.57077736e-11	1.50260565e-11	-1.50260565e-11
309825.877	27.044	-33.132	4.510409883e-11	1.019025924e-11	-1.019025924e-11
309884.512	48.643	-31.591	3.201522954e-11	7.54491423e-12	-7.54491423e-12
309957.810	33.014	-24.655	4.774071393e-11	1.078594377e-11	-1.078594377e-11
310025.800	35.229	-34.977	3.68852043e-11	8.64600912e-12	-8.64600912e-12
310099.533	41.730	-38.504	3.361673511e-11	7.71162231e-12	-7.71162231e-12
310184.424	27.044	-43.161	3.813025482e-11	8.73211038e-12	-8.73211038e-12
310268.885	50.389	-57.416	3.571382745e-11	6.79075026e-12	-6.79075026e-12
383105.332	27.330	-32.845	4.456031202e-11	1.020335736e-11	-1.020335736e-11
383179.548	48.392	-46.886	2.767113909e-11	6.45418326e-12	-6.45418326e-12
383278.337	44.882	-50.396	2.814610218e-11	6.489386085e-12	-6.489386085e-12
383350.423	35.479	-27.204	4.429123419e-11	1.016500044e-11	-1.016500044e-11
383407.715	30.840	-21.813	5.203261371e-11	1.183314888e-11	-1.183314888e-11
383472.655	31.091	-34.099	4.146468333e-11	9.47285724e-12	-9.47285724e-12
383531.147	27.760	-27.401	5.221277145e-11	1.157856231e-11	-1.157856231e-11
383594.260	29.837	-35.353	4.13640843e-11	9.56998644e-12	-9.56998644e-12
383689.537	37.360	-65.44	2.611293153e-11	6.006782859e-12	-6.006782859e-12
383765.282	26.805	-38.385	4.409442387e-11	9.72568611e-12	-9.72568611e-12
383832.329	45.007	-40.242	3.166609173e-11	7.36882524e-12	-7.36882524e-12
383932.120	40.494	-54.784	2.937947376e-11	6.72368424e-12	-6.72368424e-12
384028.402	31.969	-55.787	3.233595771e-11	7.36993194e-12	-7.36993194e-12
384108.761	54.410	-48.39	2.749691196e-11	6.295343817e-12	-6.295343817e-12
384198.273	50.147	-35.102	3.340199625e-11	7.5788118e-12	-7.5788118e-12
384295.521	60.714	-47.101	2.764463688e-11	6.158273163e-12	-6.158273163e-12
384410.893	50.649	-54.658	2.69594073e-11	6.136636527e-12	-6.136636527e-12
384516.452	35.355	-54.909	3.125886519e-11	7.11986982e-12	-7.11986982e-12
384602.077	42.500	-50.271	3.050850957e-11	6.9400506e-12	-6.9400506e-12
384691.213	38.606	-46.636	3.303992307e-11	7.53522084e-12	-7.53522084e-12
388919.702	45.634	-57.166	2.812985973e-11	6.410433456e-12	-6.410433456e-12
388993.167	39.867	-27.831	4.453340619e-11	1.007626263e-11	-1.007626263e-11
389083.054	32.721	-50.02	3.542511546e-11	8.03927061e-12	-8.03927061e-12
389143.229	37.736	-27.455	4.519712022e-11	1.027526031e-11	-1.027526031e-11
389215.052	36.118	-34.087	4.362773499e-11	9.63344592e-12	-9.63344592e-12
389306.079	47.891	-54.909	2.865159066e-11	6.502105974e-12	-6.502105974e-12
389409.004	62.810	-55.034	2.548924098e-11	5.80867119e-12	-5.80867119e-12
389522.335	49.771	-50.521	2.984540748e-11	6.77303004e-12	-6.77303004e-12
389626.490	48.416	-54.384	3.114848163e-11	6.90524163e-12	-6.90524163e-12
389714.396	48.267	-39.489	3.505508055e-11	7.93638657e-12	-7.93638657e-12
389809.423	48.518	-46.76	3.209376618e-11	7.30938243e-12	-7.30938243e-12
389910.415	22.746	-52.474	3.855692673e-11	8.73672597e-12	-8.73672597e-12
389985.688	37.736	-52.528	2.945320602e-11	6.9054174e-12	-6.9054174e-12
390091.336	51.692	-67.912	2.832908526e-11	6.68709804e-12	-6.68709804e-12
390217.135	82.551	-74.107	2.504434107e-11	6.127264731e-12	-6.127264731e-12
390349.985	76.501	-50.299	3.733761675e-11	8.74819659e-12	-8.74819659e-12


